,DATE,TIME,TYPE,DESCRIPTION,AMOUNT,Fees and Commissions
178,3/14/2017,12:34:04,TRD,SOLD -10 VERTICAL SPX 100 (Weeklys) 20 MAR 17 2315/2305 PUT @.50 CBOE,500,-15.5
179,3/14/2017,12:39:47,TRD,SOLD -10 VERTICAL SPX 100 (Weeklys) 20 MAR 17 2395/2405 CALL @.70 CBOE,700,-15.5
180,3/14/2017,15:21:57,TRD,BOT +10 VERTICAL SPX 100 (Weeklys) 20 MAR 17 2315/2305 PUT @.40,-400,-15.5
181,3/14/2017,15:29:45,TRD,BOT +5 1/2 BACKRATIO SPX 100 (Weeklys) 20 MAR 17 2365/2380 CALL @-2.25 CBOE,"1,125.00",-11.63
182,3/15/2017,14:25:36,TRD,SOLD -5 1/2 BACKRATIO SPX 100 (Weeklys) 20 MAR 17 2365/2380 CALL @-.05 CBOE,-25,-11.63
183,3/15/2017,14:26:49,TRD,BOT +5 VERTICAL SPX 100 (Weeklys) 20 MAR 17 2395/2405 CALL @2.10 CBOE,"-1,050.00",-7.76
184,3/15/2017,14:34:56,TRD,BOT +5 VERTICAL SPX 100 (Weeklys) 20 MAR 17 2395/2405 CALL @1.80 CBOE,-900,-7.76
185,3/15/2017,14:39:19,TRD,BOT +5 1/2 BACKRATIO SPX 100 (Weeklys) 20 MAR 17 2380/2395 CALL @-2.65 CBOE,"1,325.00",-11.63
186,3/16/2017,11:52:38,TRD,SOLD -15 VERTICAL SPX 100 (Weeklys) 24 MAR 17 2410/2420 CALL @.80 CBOE,"1,200.00",-23.24
187,3/16/2017,13:18:53,TRD,SOLD -8 VERTICAL SPX 100 (Weeklys) 24 MAR 17 2335/2325 PUT @.45 CBOE,360,-12.4
188,3/16/2017,13:18:54,TRD,SOLD -7 VERTICAL SPX 100 (Weeklys) 24 MAR 17 2335/2325 PUT @.45 CBOE,315,-10.86
189,3/17/2017,10:42:51,TRD,SOLD -4 1/2 BACKRATIO SPX 100 (Weeklys) 20 MAR 17 2380/2395 CALL @-3.35 CBOE,"-1,340.00",-9.3
190,3/17/2017,15:37:48,TRD,BOT +40 VERTICAL SPY 100 (Weeklys) 24 MAR 17 238/239 CALL @.34 ISE,"-1,360.00",-61.99
191,3/20/2017,9:48:24,TRD,BOT +10 VERTICAL VIX 100 21 JUN 17 14/17 CALL @.84,-840,-15.5
192,3/20/2017,9:54:10,TRD,BOT +14 VERTICAL SPY 100 (Weeklys) 24 MAR 17 238/239 CALL @.21 CBOE,-294,-21.71
193,3/20/2017,9:54:10,TRD,BOT +26 VERTICAL SPY 100 (Weeklys) 24 MAR 17 238/239 CALL @.21 CBOE,-546,-40.29
194,3/20/2017,15:53:08,TRD,SOLD -15 VERTICAL SPX 100 (Quarterlys) 31 MAR 17 2405/2415 CALL @1.05 CBOE,"1,575.00",-23.24
195,3/20/2017,15:57:41,TRD,SOLD -15 VERTICAL SPX 100 (Quarterlys) 31 MAR 17 2330/2320 PUT @.80,"1,200.00",-23.24
196,3/21/2017,1:00:00,RAD,REMOVAL OF OPTION DUE TO EXPIRATION 1.0 SPX 100 (Weeklys) 20 MAR 17 2380 CALL,,
197,3/21/2017,1:00:00,RAD,REMOVAL OF OPTION DUE TO EXPIRATION -2.0 SPX 100 (Weeklys) 20 MAR 17 2395 CALL,,
198,3/21/2017,9:45:37,TRD,SOLD -40 VERTICAL SPY 100 (Weeklys) 24 MAR 17 238/239 CALL @.29 PHLX,"1,160.00",-62.0
199,3/21/2017,11:41:26,TRD,tAndroid BOT +15 VERTICAL SPX 100 (Quarterlys) 31 MAR 17 2330/2320 PUT @2.00 CBOE,"-3,000.00",-23.24
200,3/21/2017,12:45:31,TRD,BOT +15 VERTICAL SPX 100 (Weeklys) 24 MAR 17 2410/2420 CALL @.05 CBOE,-75,-23.24
201,3/21/2017,13:21:14,TRD,SOLD -15 VERTICAL SPX 100 (Quarterlys) 31 MAR 17 2295/2285 PUT @.90 CBOE,"1,350.00",-23.24
202,3/21/2017,13:58:45,TRD,BOT +15 VERTICAL SPX 100 (Weeklys) 24 MAR 17 2335/2325 PUT @2.35 CBOE,"-3,525.00",-23.24
203,3/22/2017,9:47:26,TRD,BOT +8 VERTICAL SPX 100 21 APR 17 2340/2320 PUT @6.20 CBOE,"-4,960.00",-12.4
204,3/23/2017,10:03:47,TRD,BOT +10 1/2 BACKRATIO SPX 100 (Weeklys) 27 MAR 17 2345/2325 PUT @-.40 CBOE,400,-23.24
205,3/23/2017,15:47:32,TRD,BOT +9 1/2 BACKRATIO SPX 100 (Weeklys) 27 MAR 17 2345/2360 CALL @-.75,675,-20.93
206,3/23/2017,15:47:45,TRD,BOT +1 1/2 BACKRATIO SPX 100 (Weeklys) 27 MAR 17 2345/2360 CALL @-.75,75,-2.33
207,3/24/2017,11:21:52,TRD,SOLD -10 1/2 BACKRATIO SPX 100 (Weeklys) 27 MAR 17 2345/2325 PUT @-.95 CBOE,-950,-23.24
208,3/24/2017,11:22:37,TRD,SOLD -10 1/2 BACKRATIO SPX 100 (Weeklys) 27 MAR 17 2345/2360 CALL @-2.10,"-2,100.00",-23.24
209,3/24/2017,11:35:36,TRD,BOT +7 VERTICAL SPX 100 (Quarterlys) 31 MAR 17 2405/2415 CALL @.45 CBOE,-315,-10.86
210,3/25/2017,6:49:56,RAD,REMOVAL OF OPTION DUE TO EXPIRATION 40.0 SPY 100 (Weeklys) 24 MAR 17 239 CALL,,
211,3/25/2017,7:04:31,RAD,REMOVAL OF OPTION DUE TO EXPIRATION -40.0 SPY 100 (Weeklys) 24 MAR 17 238 CALL,,
212,3/27/2017,10:06:02,TRD,BOT +9 VERTICAL SPX 100 (Quarterlys) 31 MAR 17 2295/2285 PUT @1.35 CBOE,"-1,215.00",-13.96
213,3/27/2017,15:30:24,TRD,BOT +7 VERTICAL GOOG 100 21 APR 17 830/850 CALL @5.47 ISE,"-3,829.00",-10.9
214,3/28/2017,11:12:23,TRD,SOLD -20 VERTICAL SPX 100 (Weeklys) 7 APR 17 2310/2300 PUT @1.05 CBOE,"2,100.00",-30.98
215,3/28/2017,12:18:02,TRD,SOLD -8 VERTICAL SPX 100 21 APR 17 2340/2320 PUT @5.30 CBOE,"4,240.00",-12.4
216,3/29/2017,13:58:11,TRD,BOT +2 4/4/3/3 ~IRON CONDOR SPX 100 (Quarterlys) 31 MAR 17 2405/2415/2295/2285 CALL/PUT @.35 CBOE,-70,-21.7
217,3/29/2017,15:24:49,TRD,SOLD -7 1/-1/1/-1 CUSTOM GOOG 100 21 APR 17/21 APR 17/21 APR 17/21 APR 17 830/835/845/850 CALL/CALL/CALL/CALL @3.88 CBOE,"2,716.00",-21.98
218,3/31/2017,13:12:56,TRD,SOLD -2 VERTICAL TSLA 100 (Weeklys) 7 APR 17 290/295 CALL @.70 ISE,140,-3.11
219,3/31/2017,13:27:10,TRD,SOLD -10 VERTICAL TSLA 100 (Weeklys) 7 APR 17 290/295 CALL @.70 ISE,700,-15.54
220,4/3/2017,9:56:23,TRD,BOT +12 VERTICAL TSLA 100 (Weeklys) 7 APR 17 290/295 CALL @1.91 CBOE,"-2,292.00",-18.67
221,4/3/2017,10:50:50,TRD,SOLD -15 VERTICAL SPX 100 (Weeklys) 13 APR 17 2310/2300 PUT @.80,"1,200.00",-23.24
222,4/3/2017,11:08:10,TRD,BOT +6 VERTICAL SPX 100 19 MAY 17 2345/2315 PUT @9.95 CBOE,"-5,970.00",-9.3
223,4/3/2017,13:02:32,TRD,SOLD -15 VERTICAL SPX 100 (Weeklys) 13 APR 17 2390/2400 CALL @.90 CBOE,"1,350.00",-23.24
224,4/4/2017,10:10:06,TRD,SOLD -7 VERTICAL GOOG 100 21 APR 17 835/845 CALL @3.56 CBOE,"2,492.00",-10.97
225,4/4/2017,11:58:51,TRD,SOLD -15 VERTICAL TSLA 100 (Weeklys) 7 APR 17 295/290 PUT @.83 ISE,"1,245.00",-23.3
226,4/5/2017,9:51:53,TRD,SOLD -6 VERTICAL SPX 100 19 MAY 17 2345/2315 PUT @6.75 CBOE,"4,050.00",-9.3
227,4/5/2017,15:34:50,TRD,BOT +3 VERTICAL TSLA 100 (Weeklys) 7 APR 17 295/290 PUT @1.86 ISE,-558,-4.67
228,4/5/2017,15:34:57,TRD,BOT +12 VERTICAL TSLA 100 (Weeklys) 7 APR 17 295/290 PUT @1.86 ISE,"-2,232.00",-18.64
229,4/5/2017,15:40:41,TRD,BOT +5 BUTTERFLY TSLA 100 (Weeklys) 7 APR 17 297.5/300/302.5 CALL @.29 CBOE,-145,-15.54
230,4/5/2017,15:40:41,TRD,BOT +5 BUTTERFLY TSLA 100 (Weeklys) 7 APR 17 297.5/300/302.5 CALL @.30 CBOE,-150,-15.54
231,4/6/2017,13:16:00,TRD,BOT +13 VERTICAL SPX 100 (Weeklys) 7 APR 17 2310/2300 PUT @.05 CBOE,-65,-20.14
232,4/6/2017,13:16:02,TRD,BOT +7 VERTICAL SPX 100 (Weeklys) 7 APR 17 2310/2300 PUT @.05 CBOE,-35,-10.86
233,4/7/2017,15:04:32,TRD,SOLD -1 BUTTERFLY TSLA 100 (Weeklys) 7 APR 17 297.5/300/302.5 CALL @1.06 CBOE,106,-3.13
234,4/7/2017,15:04:32,TRD,SOLD -3 BUTTERFLY TSLA 100 (Weeklys) 7 APR 17 297.5/300/302.5 CALL @1.08 CBOE,324,-9.35
235,4/7/2017,15:04:32,TRD,SOLD -1 BUTTERFLY TSLA 100 (Weeklys) 7 APR 17 297.5/300/302.5 CALL @1.03 CBOE,103,-3.13
236,4/7/2017,15:41:52,TRD,SOLD -3 BUTTERFLY TSLA 100 (Weeklys) 7 APR 17 297.5/300/302.5 CALL @1.00 CBOE,300,-9.35
237,4/7/2017,15:41:52,TRD,SOLD -1 BUTTERFLY TSLA 100 (Weeklys) 7 APR 17 297.5/300/302.5 CALL @.94 CBOE,94,-3.13
238,4/7/2017,15:41:52,TRD,SOLD -1 BUTTERFLY TSLA 100 (Weeklys) 7 APR 17 297.5/300/302.5 CALL @.97 CBOE,97,-3.13
239,4/10/2017,10:41:40,TRD,SOLD -20 VERTICAL SPX 100 (Weeklys) 19 APR 17 2325/2315 PUT @.80,"1,600.00",-30.98
240,4/10/2017,11:37:03,TRD,SOLD -20 VERTICAL SPX 100 (Weeklys) 19 APR 17 2390/2400 CALL @.70 CBOE,"1,400.00",-30.98
241,4/11/2017,9:32:17,TRD,BOT +5 VERTICAL NFLX 100 (Weeklys) 13 APR 17 145/150 CALL @.78,-390,-7.77
242,4/13/2017,14:06:37,TRD,BOT +10 VERTICAL SPX 100 (Weeklys) 19 APR 17 2325/2315 PUT @2.15 CBOE,"-2,150.00",-15.5
243,4/13/2017,15:46:36,TRD,BOT +10 VERTICAL SPX 100 (Weeklys) 19 APR 17 2325/2315 PUT @2.85 CBOE,"-2,850.00",-15.5
244,4/14/2017,6:34:11,RAD,REMOVAL OF OPTION DUE TO EXPIRATION 15.0 SPX 100 (Weeklys) 13 APR 17 2390 CALL,,
245,4/14/2017,6:34:13,RAD,REMOVAL OF OPTION DUE TO EXPIRATION -15.0 SPX 100 (Weeklys) 13 APR 17 2400 CALL,,
246,4/14/2017,6:43:59,RAD,REMOVAL OF OPTION DUE TO EXPIRATION 15.0 SPX 100 (Weeklys) 13 APR 17 2310 PUT,,
247,4/14/2017,6:44:04,RAD,REMOVAL OF OPTION DUE TO EXPIRATION 5.0 NFLX 100 (Weeklys) 13 APR 17 150 CALL,,
248,4/14/2017,6:44:11,RAD,REMOVAL OF OPTION DUE TO EXPIRATION -5.0 NFLX 100 (Weeklys) 13 APR 17 145 CALL,,
249,4/14/2017,6:47:27,RAD,REMOVAL OF OPTION DUE TO EXPIRATION -15.0 SPX 100 (Weeklys) 13 APR 17 2300 PUT,,
250,4/17/2017,10:03:19,TRD,BOT +15 VERTICAL SPX 100 21 APR 17 2295/2280 PUT @.85 CBOE,"-1,275.00",-23.24
251,4/17/2017,11:14:53,TRD,SOLD -15 VERTICAL SPX 100 21 APR 17 2295/2280 PUT @.55 CBOE,825,-23.24
252,4/17/2017,11:55:47,TRD,SOLD -15 VERTICAL SPX 100 (Weeklys) 24 APR 17 2295/2280 PUT @2.05,"3,075.00",-23.24
253,4/17/2017,12:04:49,TRD,SOLD -15 VERTICAL SPX 100 (Weeklys) 24 APR 17 2385/2400 CALL @1.00 CBOE,"1,500.00",-23.24
254,4/17/2017,15:55:09,TRD,BOT +2 BUTTERFLY NFLX 100 21 APR 17 140/130/125 PUT @1.83 CBOE,-366,-6.21
255,4/19/2017,9:37:37,TRD,SOLD -2 BUTTERFLY NFLX 100 21 APR 17 140/130/125 PUT @.31 ISE,62,-6.22
256,4/20/2017,1:00:00,RAD,REMOVAL OF OPTION DUE TO EXPIRATION 20.0 SPX 100 (Weeklys) 19 APR 17 2390 CALL,,
257,4/20/2017,1:00:00,RAD,REMOVAL OF OPTION DUE TO EXPIRATION -20.0 SPX 100 (Weeklys) 19 APR 17 2400 CALL,,
258,4/21/2017,10:17:44,TRD,tIPAD SOLD -12 VERTICAL SPX 100 (Weeklys) 28 APR 17 2300/2285 PUT @1.80 CBOE,"2,160.00",-18.6
259,4/21/2017,11:04:21,TRD,tIPAD SOLD -12 VERTICAL SPX 100 (Weeklys) 28 APR 17 2395/2410 CALL @1.15 CBOE,"1,380.00",-18.6
260,4/21/2017,14:44:36,TRD,tIPAD SOLD -12 VERTICAL TSLA 100 (Weeklys) 28 APR 17 295/285 PUT @1.29 CBOE,"1,548.00",-18.65
261,4/24/2017,9:30:26,TRD,BOT +15 VERTICAL SPX 100 (Weeklys) 24 APR 17 2385/2400 CALL @.45 CBOE,-675,-23.24
262,4/24/2017,10:39:03,TRD,BOT +5 VERTICAL SPX 100 19 MAY 17 2365/2345 PUT @5.90 CBOE,"-2,950.00",-7.76
263,4/24/2017,10:41:54,TRD,SOLD -13 VERTICAL SPX 100 (Weeklys) 5 MAY 17 2405/2415 CALL @1.05,"1,365.00",-20.14
264,4/24/2017,10:41:54,TRD,SOLD -2 VERTICAL SPX 100 (Weeklys) 5 MAY 17 2405/2415 CALL @1.05,210,-3.1
265,4/24/2017,12:11:59,TRD,BOT +12 VERTICAL SPX 100 (Weeklys) 28 APR 17 2300/2285 PUT @.10 CBOE,-120,-18.6
266,4/25/2017,1:00:00,RAD,REMOVAL OF OPTION DUE TO EXPIRATION 15.0 SPX 100 (Weeklys) 24 APR 17 2295 PUT,,
267,4/25/2017,1:00:00,RAD,REMOVAL OF OPTION DUE TO EXPIRATION -15.0 SPX 100 (Weeklys) 24 APR 17 2280 PUT,,
268,4/25/2017,15:47:53,TRD,BOT +6 VERTICAL SPX 100 (Weeklys) 28 APR 17 2395/2410 CALL @3.60 CBOE,"-2,160.00",-9.3
269,4/25/2017,15:59:46,TRD,BOT +1 SPX 100 (Weeklys) 26 APR 17 2390 CALL @3.60,-360,-0.78
270,4/26/2017,10:56:07,TRD,BOT +6 VERTICAL SPX 100 (Weeklys) 28 APR 17 2395/2410 CALL @4.10 CBOE,"-2,460.00",-9.3
271,4/26/2017,11:05:25,TRD,BOT +15 VERTICAL SPX 100 (Weeklys) 5 MAY 17 2405/2415 CALL @2.75 CBOE,"-4,125.00",-23.24
272,4/26/2017,11:17:36,TRD,BOT +3 CONDOR SPX 100 (Weeklys) 26 APR 17 2380/2385/2395/2400 CALL @3.30 CBOE,-990,-9.32
273,4/26/2017,15:42:03,TRD,SOLD -3 CONDOR SPX 100 (Weeklys) 26 APR 17 2380/2385/2395/2400 CALL @4.85,"1,455.00",-9.32
274,4/27/2017,1:00:00,RAD,REMOVAL OF OPTION DUE TO EXPIRATION -1.0 SPX 100 (Weeklys) 26 APR 17 2390 CALL,,
275,4/29/2017,11:33:28,RAD,REMOVAL OF OPTION DUE TO EXPIRATION 12.0 TSLA 100 (Weeklys) 28 APR 17 295 PUT,,
276,4/29/2017,11:58:41,RAD,REMOVAL OF OPTION DUE TO EXPIRATION -12.0 TSLA 100 (Weeklys) 28 APR 17 285 PUT,,
277,5/1/2017,10:30:14,TRD,SOLD -15 VERTICAL SPX 100 (Weeklys) 12 MAY 17 2415/2430 CALL @1.55,"2,325.00",-23.24
278,5/1/2017,14:34:41,TRD,BOT +10 SPY 100 (Weeklys) 3 MAY 17 239 PUT @.51 BATS,-510,-7.75
279,5/1/2017,14:48:19,TRD,SOLD -10 SPY 100 (Weeklys) 3 MAY 17 239 PUT @.54 MIAX,540,-7.77
280,5/1/2017,14:51:47,TRD,SOLD -10 VERTICAL SPY 100 (Weeklys) 3 MAY 17 240/239 PUT @.68 CBOE,680,-15.53
281,5/1/2017,15:11:23,TRD,BOT +10 VERTICAL SPY 100 (Weeklys) 3 MAY 17 240/239 PUT @.66 CBOE,-660,-15.52
282,5/2/2017,9:30:41,TRD,BOT +1 SPY 100 (Weeklys) 3 MAY 17 239 PUT @.48,-48,-0.78
283,5/2/2017,9:30:41,TRD,BOT +19 SPY 100 (Weeklys) 3 MAY 17 239 PUT @.47,-893,-14.72
284,5/2/2017,9:37:23,TRD,SOLD -15 SPY 100 (Weeklys) 3 MAY 17 239 PUT @.55 NASDAQ OM,825,-11.64
285,5/2/2017,9:37:23,TRD,SOLD -4 SPY 100 (Weeklys) 3 MAY 17 239 PUT @.55 NASDAQ OM,220,-3.11
286,5/2/2017,9:37:23,TRD,SOLD -1 SPY 100 (Weeklys) 3 MAY 17 239 PUT @.55 BATS,55,-0.79
287,5/2/2017,9:47:52,TRD,BOT +30 VERTICAL VIX 100 (Weeklys) 31 MAY 17 11/15 CALL @1.25 CBOE,"-3,750.00",-46.48
288,5/2/2017,9:57:19,TRD,SOLD -10 VERTICAL VIX 100 21 JUN 17 14/17 CALL @.35,350,-15.5
289,5/3/2017,9:31:24,TRD,BOT +10 SPY 100 (Weeklys) 5 MAY 17 238 CALL @.78 PHLX,-780,-7.75
290,5/3/2017,10:02:34,TRD,SOLD -10 SPY 100 (Weeklys) 5 MAY 17 238 CALL @.80 BATS,800,-7.77
291,5/3/2017,10:39:05,TRD,SOLD -3 VERTICAL SPX 100 19 MAY 17 2365/2345 PUT @3.70,"1,110.00",-4.66
292,5/3/2017,11:36:57,TRD,BOT +6 CONDOR SPX 100 (Weeklys) 5 MAY 17 2365/2370/2395/2400 CALL @3.50 CBOE,"-2,100.00",-18.6
293,5/4/2017,11:46:29,TRD,BOT +25 VERTICAL SPX 100 19 MAY 17 2425/2440 CALL @1.65 CBOE,"-4,125.00",-38.74
294,5/4/2017,11:59:06,TRD,SOLD -20 VERTICAL SPX 100 19 MAY 17 2420/2435 CALL @1.90 CBOE,"3,800.00",-30.98
295,5/4/2017,12:14:53,TRD,SOLD -15 VERTICAL SPX 100 (Weeklys) 12 MAY 17 2335/2320 PUT @.90 CBOE,"1,350.00",-23.24
296,5/4/2017,15:04:02,TRD,SOLD -6 VERTICAL SPX 100 (Weeklys) 5 MAY 17 2365/2370 CALL @4.80 CBOE,"2,880.00",-9.3
297,5/5/2017,9:32:26,TRD,SOLD -25 VERTICAL SPX 100 19 MAY 17 2425/2440 CALL @1.70,"4,250.00",-38.74
298,5/5/2017,11:59:21,TRD,SOLD -15 VERTICAL SPX 100 (Weeklys) 22 MAY 17 2430/2445 CALL @1.10 CBOE,"1,650.00",-23.24
299,5/5/2017,14:13:31,TRD,BOT +40 SPY 100 (Weeklys) 5 MAY 17 239 PUT @.11 CBOE,-440,-30.98
300,5/5/2017,14:45:27,TRD,BOT +40 SPY 100 (Weeklys) 5 MAY 17 239 PUT @.07 ISE GEMINI,-280,-30.98
301,5/5/2017,15:05:32,TRD,SOLD -80 SPY 100 (Weeklys) 5 MAY 17 239 PUT @.04 CBOE,320,-61.97
302,5/5/2017,15:07:49,TRD,BOT +6 VERTICAL SPX 100 (Weeklys) 5 MAY 17 2395/2400 CALL @1.20 CBOE,-720,-9.3
303,5/8/2017,13:37:17,TRD,BOT +10 STRANGLE SPY 100 (Weeklys) 10 MAY 17 240/239 CALL/PUT @.60 CBOE,-600,-15.5
304,5/8/2017,13:55:01,TRD,BOT +7 VERTICAL SPX 100 (Weeklys) 22 MAY 17 2430/2445 CALL @1.15,-805,-10.86
305,5/8/2017,13:58:10,TRD,BOT +7 VERTICAL SPX 100 (Weeklys) 12 MAY 17 2415/2430 CALL @1.30 CBOE,-910,-10.86
306,5/9/2017,9:34:13,TRD,SOLD -10 1/-2 CUSTOM SPX 100 (Weeklys) 10 MAY 17/10 MAY 17 2400/2405 CALL/CALL @-.05,-50,-30.189999999999998
307,5/9/2017,10:06:44,TRD,BOT +8 VERTICAL SPX 100 (Weeklys) 12 MAY 17 2415/2430 CALL @1.65,"-1,320.00",-19.349999999999998
308,5/9/2017,11:34:49,TRD,SOLD -10 SPY 100 (Weeklys) 10 MAY 17 239 PUT @.12 CBOE,120,-14.709999999999999
309,5/9/2017,12:22:08,TRD,SOLD -10 SPY 100 (Weeklys) 10 MAY 17 240 CALL @.27 MIAX,270,-14.709999999999999
310,5/9/2017,12:28:21,TRD,BOT +10 SPX 100 (Weeklys) 10 MAY 17 2400 CALL @3.30,"-3,300.00",-14.7
311,5/9/2017,12:51:46,TRD,SOLD -20 SPX 100 (Weeklys) 10 MAY 17 2405 CALL @1.20 CBOE,"2,400.00",-22.439999999999998
312,5/9/2017,14:36:02,TRD,SOLD -12 VERTICAL SPX 100 (Weeklys) 22 MAY 17 2430/2445 CALL @1.00 CBOE,"1,200.00",-25.55
313,5/9/2017,14:50:42,TRD,SOLD -20 VERTICAL SPX 100 19 MAY 17 2350/2335 PUT @.70 CBOE,"1,400.00",-37.93
314,5/9/2017,15:32:18,TRD,SOLD -15 VERTICAL SPX 100 (Weeklys) 22 MAY 17 2350/2335 PUT @.90 CBOE,"1,350.00",-30.189999999999998
315,5/10/2017,9:31:08,TRD,BOT +10 SPX 100 (Weeklys) 10 MAY 17 2395 CALL @2.15 CBOE,"-2,150.00",-14.7
316,5/10/2017,9:33:02,TRD,SOLD -1 SPX 100 (Weeklys) 10 MAY 17 2395 CALL @2.65 CBOE,265,-0.78
317,5/10/2017,9:33:02,TRD,SOLD -9 SPX 100 (Weeklys) 10 MAY 17 2395 CALL @2.65 CBOE,"2,385.00",-13.93
318,5/10/2017,9:48:41,TRD,BOT +10 SPX 100 (Weeklys) 10 MAY 17 2395 PUT @3.10 CBOE,"-3,100.00",-14.7
319,5/10/2017,9:55:46,TRD,SOLD -10 SPX 100 (Weeklys) 10 MAY 17 2395 PUT @2.20 CBOE,"2,200.00",-14.7
320,5/10/2017,15:08:25,TRD,BOT +5 STRANGLE SPY 100 (Weeklys) 12 MAY 17 240/239.5 CALL/PUT @.84,-420,-14.709999999999999
321,5/10/2017,15:08:25,TRD,BOT +5 STRANGLE SPY 100 (Weeklys) 12 MAY 17 240/239.5 CALL/PUT @.84,-420,-7.76
322,5/10/2017,15:56:49,TRD,SOLD -10 STRANGLE SPY 100 (Weeklys) 12 MAY 17 240/239.5 CALL/PUT @.77 CBOE,770,-22.47
323,5/13/2017,7:02:54,RAD,REMOVAL OF OPTION DUE TO EXPIRATION 15.0 SPX 100 (Weeklys) 12 MAY 17 2335 PUT,,
324,5/13/2017,7:06:17,RAD,REMOVAL OF OPTION DUE TO EXPIRATION -15.0 SPX 100 (Weeklys) 12 MAY 17 2320 PUT,,
325,5/16/2017,9:38:20,TRD,SOLD -15 VERTICAL SPX 100 (Weeklys) 31 MAY 17 2435/2450 CALL @.90 CBOE,"1,350.00",-30.169999999999998
326,5/16/2017,9:58:54,TRD,BOT +1 VIX 100 (Weeklys) 31 MAY 17 15 CALL @.25 CBOE,-25,-7.73
327,5/16/2017,9:59:19,TRD,BOT +1 VIX 100 (Weeklys) 31 MAY 17 15 CALL @.25 CBOE,-25,-0.78
328,5/16/2017,10:00:27,TRD,BOT +1 VIX 100 (Weeklys) 31 MAY 17 15 CALL @.25 CBOE,-25,-0.78
329,5/16/2017,10:01:21,TRD,BOT +1 VIX 100 (Weeklys) 31 MAY 17 15 CALL @.25 CBOE,-25,-0.78
330,5/16/2017,10:01:56,TRD,BOT +1 VIX 100 (Weeklys) 31 MAY 17 15 CALL @.25 CBOE,-25,-0.78
331,5/16/2017,10:02:11,TRD,BOT +22 VIX 100 (Weeklys) 31 MAY 17 15 CALL @.25 CBOE,-550,-17.02
332,5/16/2017,10:02:11,TRD,BOT +2 VIX 100 (Weeklys) 31 MAY 17 15 CALL @.25 CBOE,-50,-1.55
333,5/16/2017,10:02:11,TRD,BOT +1 VIX 100 (Weeklys) 31 MAY 17 15 CALL @.25 CBOE,-25,-0.78
334,5/16/2017,10:38:53,TRD,SOLD -15 VIX 100 (Weeklys) 31 MAY 17 11 CALL @.95 CBOE,"1,425.00",-18.56
335,5/16/2017,11:48:33,TRD,SOLD -15 VIX 100 (Weeklys) 31 MAY 17 11 CALL @.90 CBOE,"1,350.00",-18.56
336,5/16/2017,16:08:01,TRD,BOT +10 VERTICAL SPX 100 (Weeklys) 31 MAY 17 2435/2450 CALL @.60 CBOE,-600,-22.43
337,5/16/2017,16:08:07,TRD,BOT +5 VERTICAL SPX 100 (Weeklys) 31 MAY 17 2435/2450 CALL @.60 CBOE,-300,-7.74
338,5/18/2017,10:26:34,TRD,BOT +10 VERTICAL SPX 100 19 MAY 17 2350/2335 PUT @1.25 CBOE,"-1,250.00",-22.43
339,5/18/2017,13:58:33,TRD,SOLD -2 VERTICAL SPX 100 19 MAY 17 2365/2345 PUT @3.00 CBOE,600,-10.049999999999999
340,5/18/2017,14:02:23,TRD,BOT +5 VERTICAL SPX 100 19 MAY 17 2350/2335 PUT @.50 CBOE,-250,-14.69
341,5/19/2017,9:57:01,TRD,tIPAD SOLD -11 VERTICAL SPX 100 (Weeklys) 31 MAY 17 2330/2315 PUT @1.15 CBOE,"1,265.00",-23.97
342,5/19/2017,9:57:01,TRD,tIPAD SOLD -4 VERTICAL SPX 100 (Weeklys) 31 MAY 17 2330/2315 PUT @1.15 CBOE,460,-6.2
343,5/19/2017,11:17:30,TRD,tIPAD BOT +1 SPX 100 (Weeklys) 22 MAY 17 2430 CALL @.05 CBOE,-5,
344,5/19/2017,11:17:30,TRD,tIPAD BOT +19 SPX 100 (Weeklys) 22 MAY 17 2430 CALL @.05 CBOE,-95,
345,5/19/2017,11:18:39,TRD,tIPAD SOLD -13 VERTICAL PCLN 100 (Weeklys) 26 MAY 17 1770/1755 PUT @1.30 ISE,"1,690.00",-27.169999999999998
346,5/22/2017,12:03:04,TRD,SOLD -15 VERTICAL SPX 100 (Weeklys) 31 MAY 17 2415/2430 CALL @1.05 CBOE,"1,575.00",-30.169999999999998
347,5/23/2017,1:00:00,RAD,REMOVAL OF OPTION DUE TO EXPIRATION 15.0 SPX 100 (Weeklys) 22 MAY 17 2350 PUT,,
348,5/23/2017,1:00:00,RAD,REMOVAL OF OPTION DUE TO EXPIRATION -20.0 SPX 100 (Weeklys) 22 MAY 17 2445 CALL,,
349,5/23/2017,1:00:00,RAD,REMOVAL OF OPTION DUE TO EXPIRATION -15.0 SPX 100 (Weeklys) 22 MAY 17 2335 PUT,,
350,5/24/2017,9:31:47,TRD,BOT +10 SPY 100 (Weeklys) 26 MAY 17 240 CALL @.74 ARCA,-740,-14.69
351,5/24/2017,9:36:24,TRD,SOLD -10 SPY 100 (Weeklys) 26 MAY 17 240 CALL @.72 PHLX,720,-14.709999999999999
352,5/24/2017,9:38:27,TRD,BOT +20 VERTICAL SPY 100 16 JUN 17 239/235 PUT @.99 CBOE,"-1,980.00",-37.940000000000005
353,5/24/2017,10:51:08,TRD,SOLD -10 VERTICAL AZO 100 16 JUN 17 570/560 PUT @2.02 ISE,"2,020.00",-22.56
354,5/24/2017,14:43:24,TRD,BOT +16 VERTICAL IWM 100 16 JUN 17 136.5/134.5 PUT @.62,-992,-31.75
355,5/24/2017,15:32:38,TRD,BOT +13 VERTICAL PCLN 100 (Weeklys) 26 MAY 17 1770/1755 PUT @.07 CBOE,-91,-27.08
356,5/24/2017,15:52:14,TRD,BOT +7 VERTICAL SPX 100 (Weeklys) 31 MAY 17 2415/2430 CALL @2.20 CBOE,"-1,540.00",-17.79
357,5/25/2017,9:30:57,TRD,BOT +10 SPY 100 (Weeklys) 26 MAY 17 241 CALL @.48 CBOE,-480,-14.69
358,5/25/2017,9:45:31,TRD,SOLD -10 SPY 100 (Weeklys) 26 MAY 17 241 CALL @.52 NASDAQ OM,520,-14.709999999999999
359,5/25/2017,9:48:18,TRD,BOT +5 VERTICAL AZO 100 16 JUN 17 570/560 PUT @.96 ISE,-480,-14.719999999999999
360,5/25/2017,9:56:01,TRD,SOLD -3 VERTICAL ULTA 100 (Weeklys) 2 JUN 17 290/285 PUT @2.23 CBOE,669,-11.68
361,5/25/2017,9:58:33,TRD,BOT +15 VERTICAL SPX 100 (Weeklys) 31 MAY 17 2330/2315 PUT @.10 CBOE,-150,-30.169999999999998
362,5/25/2017,10:06:00,TRD,SOLD -15 VERTICAL SPX 100 (Weeklys) 2 JUN 17 2435/2445 CALL @1.00 CBOE,"1,500.00",-30.169999999999998
363,5/25/2017,10:35:35,TRD,BOT +4 VERTICAL SPX 100 (Weeklys) 31 MAY 17 2415/2430 CALL @5.35 CBOE,"-2,140.00",-13.149999999999999
364,5/25/2017,11:07:08,TRD,BOT +6 BUTTERFLY SPX 100 (Weeklys) 5 JUN 17 2415/2425/2435 CALL @1.80 CBOE,"-1,080.00",-25.54
365,5/25/2017,11:09:40,TRD,BOT +4 VERTICAL SPX 100 (Weeklys) 31 MAY 17 2415/2430 CALL @5.75 CBOE,"-2,300.00",-13.149999999999999
366,5/25/2017,11:38:21,TRD,BOT +5 VERTICAL AZO 100 16 JUN 17 570/560 PUT @.82 ISE,-410,-14.709999999999999
367,5/26/2017,9:31:25,TRD,BOT +10 SPY 100 (Weeklys) 31 MAY 17 242 PUT @.81 CBOE,-810,-14.69
368,5/26/2017,9:33:04,TRD,SOLD -10 SPY 100 (Weeklys) 31 MAY 17 242 PUT @.90 CBOE,900,-14.709999999999999
369,5/26/2017,9:36:14,TRD,BOT +3 VERTICAL ULTA 100 (Weeklys) 2 JUN 17 290/285 PUT @.30 ISE,-90,-11.62
370,5/26/2017,9:42:06,TRD,BOT +1 AMZN 100 (Weeklys) 2 JUN 17 997.5 PUT @10.20 BATS,"-1,020.00",-7.73
371,5/26/2017,9:47:57,TRD,SOLD -1 AMZN 100 (Weeklys) 2 JUN 17 997.5 PUT @10.00 NASDAQ,"1,000.00",-7.76
372,5/26/2017,9:52:18,TRD,BOT +1 AMZN 100 (Weeklys) 2 JUN 17 995 CALL @10.94 PHLX,"-1,094.00",-7.73
373,5/26/2017,9:56:17,TRD,SOLD -1 AMZN 100 (Weeklys) 2 JUN 17 995 CALL @10.10,"1,010.00",-7.76
374,5/26/2017,10:26:48,TRD,SOLD -14 VERTICAL AMZN 100 16 JUN 17 995/1000 CALL @2.53 CBOE,"3,542.00",-22.22
375,5/26/2017,10:26:48,TRD,SOLD -1 VERTICAL AMZN 100 16 JUN 17 995/1000 CALL @2.55 CBOE,255,-8.549999999999999
376,5/26/2017,10:28:30,TRD,BOT +15 VERTICAL AMZN 100 16 JUN 17 1005/1010 CALL @2.04,"-3,060.00",-30.54
377,5/26/2017,10:41:55,TRD,BOT +10 VERTICAL SPY 100 16 JUN 17 239/235 PUT @.62 ISE,-620,-22.45
378,5/30/2017,9:40:12,TRD,BOT +2 AMZN 100 (Weeklys) 2 JUN 17 1000 CALL @7.56,"-1,512.00",-8.5
379,5/30/2017,9:41:42,TRD,SOLD -2 AMZN 100 (Weeklys) 2 JUN 17 1000 CALL @7.85,"1,570.00",-8.54
380,5/30/2017,9:47:09,TRD,BOT +2 AMZN 100 (Weeklys) 2 JUN 17 1000 CALL @7.55 PHLX,"-1,510.00",-8.5
381,5/30/2017,10:08:10,TRD,BOT +2 AMZN 100 (Weeklys) 2 JUN 17 1000 CALL @6.85 MIAX,"-1,370.00",-8.5
382,5/30/2017,10:11:12,TRD,SOLD -4 AMZN 100 (Weeklys) 2 JUN 17 1000 CALL @6.10 EDGX,"2,440.00",-10.11
383,5/30/2017,10:16:23,TRD,BOT +2 VERTICAL AMZN 100 (Weeklys) 2 JUN 17 997.5/990 PUT @3.31,-662,-10.069999999999999
384,5/30/2017,13:56:11,TRD,BOT +7 VERTICAL RUT 100 (Weeklys) 2 JUN 17 1380/1385 CALL @1.47 CBOE,"-1,029.00",-17.79
385,5/30/2017,13:59:12,TRD,SOLD -5 VERTICAL SPX 100 (Weeklys) 2 JUN 17 2415/2420 CALL @2.20 CBOE,"1,100.00",-14.69
386,5/31/2017,9:35:54,TRD,BOT +10 SPY 100 (Weeklys) 2 JUN 17 241.5 PUT @.49,-490,-14.69
387,5/31/2017,9:42:35,TRD,SOLD -10 SPY 100 (Weeklys) 2 JUN 17 241.5 PUT @.47 CBOE,470,-14.709999999999999
388,5/31/2017,9:54:00,TRD,BOT +10 SPY 100 (Weeklys) 2 JUN 17 241.5 CALL @.53 ARCA,-530,-14.69
389,5/31/2017,9:54:00,TRD,BOT +10 SPY 100 (Weeklys) 2 JUN 17 241.5 CALL @.54 ISE GEMINI,-540,-7.74
390,5/31/2017,9:59:00,TRD,SOLD -20 SPY 100 (Weeklys) 2 JUN 17 241.5 CALL @.42 CBOE,840,-22.439999999999998
391,5/31/2017,10:01:18,TRD,SOLD -2 VERTICAL AMZN 100 (Weeklys) 2 JUN 17 997.5/990 PUT @5.22 ISE,"1,044.00",-10.11
392,5/31/2017,10:06:42,TRD,SOLD -16 VERTICAL IWM 100 16 JUN 17 136.5/134.5 PUT @1.06 ISE,"1,696.00",-31.81
393,5/31/2017,12:11:09,TRD,BOT +10 CONDOR SPX 100 (Weeklys) 7 JUN 17 2390/2395/2425/2430 CALL @3.25 CBOE,"-3,250.00",-37.910000000000004
394,6/1/2017,9:30:39,TRD,BOT +10 SPY 100 (Weeklys) 2 JUN 17 241.5 CALL @.70 BATS,-700,-14.69
395,6/1/2017,9:33:16,TRD,BOT +10 SPY 100 (Weeklys) 2 JUN 17 241.5 CALL @.65 ISE GEMINI,-650,-14.69
396,6/1/2017,9:35:41,TRD,SOLD -20 SPY 100 (Weeklys) 2 JUN 17 241.5 CALL @.61,"1,220.00",-22.45
397,6/1/2017,9:45:39,TRD,BOT +10 VERTICAL AMZN 100 (Weeklys) 2 JUN 17 997.5/992.5 PUT @2.12 ISE,"-2,120.00",-22.49
398,6/1/2017,9:48:47,TRD,SOLD -10 VERTICAL AMZN 100 (Weeklys) 2 JUN 17 997.5/992.5 PUT @2.29,"2,290.00",-22.55
399,6/1/2017,9:52:15,TRD,BOT +10 SPY 100 (Weeklys) 2 JUN 17 242 PUT @.42 CBOE,-420,-14.69
400,6/1/2017,9:59:51,TRD,SOLD -10 SPY 100 (Weeklys) 2 JUN 17 242 PUT @.49 NASDAQ,490,-14.709999999999999
401,6/1/2017,10:15:43,TRD,BOT +10 VERTICAL AMZN 100 (Weeklys) 2 JUN 17 995/1000 CALL @1.63 CBOE,"-1,630.00",-22.48
402,6/1/2017,10:56:14,TRD,SOLD -10 VERTICAL AMZN 100 (Weeklys) 2 JUN 17 995/1000 CALL @1.54 CBOE,"1,540.00",-22.509999999999998
403,6/1/2017,12:05:36,TRD,BOT +40 VERTICAL SPY 100 (Weeklys) 7 JUN 17 242/241 PUT @.25 CBOE,"-1,000.00",-68.87
404,6/1/2017,12:10:47,TRD,SOLD -7 VERTICAL RUT 100 (Weeklys) 2 JUN 17 1380/1385 CALL @2.93 CBOE,"2,051.00",-17.79
405,6/1/2017,12:11:11,TRD,BOT +5 VERTICAL SPX 100 (Weeklys) 2 JUN 17 2415/2420 CALL @3.40 CBOE,"-1,700.00",-14.69
406,6/1/2017,13:14:21,TRD,BOT +15 VERTICAL SPX 100 (Weeklys) 2 JUN 17 2435/2445 CALL @.55 CBOE,-825,-30.169999999999998
407,6/1/2017,13:16:36,TRD,SOLD -6 BUTTERFLY SPX 100 (Weeklys) 5 JUN 17 2415/2425/2435 CALL @3.25 CBOE,"1,950.00",-25.54
408,6/1/2017,13:20:39,TRD,BOT +10 SPY 100 (Weeklys) 2 JUN 17 243 CALL @.35 BATS,-350,-14.69
409,6/2/2017,9:31:20,TRD,BOT +10 SPY 100 (Weeklys) 2 JUN 17 243.5 PUT @.31,-310,-14.69
410,6/2/2017,9:43:12,TRD,SOLD -8 SPY 100 (Weeklys) 2 JUN 17 243.5 PUT @.39 BATS,312,-13.149999999999999
411,6/2/2017,9:43:39,TRD,SOLD -10 SPY 100 (Weeklys) 2 JUN 17 243 CALL @.45 MIAX,450,-14.7
412,6/2/2017,9:44:12,TRD,SOLD -1 SPY 100 (Weeklys) 2 JUN 17 243.5 PUT @.37 BOX,37,-7.74
413,6/2/2017,9:44:12,TRD,SOLD -1 SPY 100 (Weeklys) 2 JUN 17 243.5 PUT @.37 BOX,37,-0.79
414,6/2/2017,9:50:14,TRD,BOT +1 AMZN 100 (Weeklys) 2 JUN 17 995 PUT @1.08 ISE GEMINI,-108,-7.73
415,6/2/2017,9:50:14,TRD,BOT +1 AMZN 100 (Weeklys) 2 JUN 17 995 PUT @1.08 NASDAQ OM,-108,-0.78
416,6/2/2017,9:50:14,TRD,BOT +1 AMZN 100 (Weeklys) 2 JUN 17 995 PUT @1.08 NASDAQ BX,-108,-0.78
417,6/2/2017,9:50:14,TRD,BOT +1 AMZN 100 (Weeklys) 2 JUN 17 995 PUT @1.08 PHLX,-108,-0.78
418,6/2/2017,9:50:14,TRD,BOT +6 AMZN 100 (Weeklys) 2 JUN 17 995 PUT @1.08 ISE GEMINI,-648,-4.65
419,6/2/2017,9:51:41,TRD,SOLD -5 AMZN 100 (Weeklys) 2 JUN 17 995 PUT @1.18 BOX,590,-3.89
420,6/2/2017,9:51:41,TRD,SOLD -5 AMZN 100 (Weeklys) 2 JUN 17 995 PUT @1.18 BOX,590,-10.84
421,6/2/2017,9:53:17,TRD,BOT +10 VERTICAL AMZN 100 (Weeklys) 2 JUN 17 995/992.5 PUT @.52,-520,-22.45
422,6/2/2017,9:57:52,TRD,BOT +10 VERTICAL AMZN 100 (Weeklys) 2 JUN 17 1002.5/1005 CALL @.90 ISE,-900,-22.46
423,6/2/2017,10:54:54,TRD,BOT +3 VERTICAL AMZN 100 (Weeklys) 2 JUN 17 1002.5/1005 CALL @.72,-216,-11.62
424,6/2/2017,10:54:54,TRD,BOT +2 VERTICAL AMZN 100 (Weeklys) 2 JUN 17 1002.5/1005 CALL @.72,-144,-3.11
425,6/2/2017,11:13:17,TRD,BOT +5 AMZN 100 (Weeklys) 2 JUN 17 1005 CALL @.84 ISE GEMINI,-420,-10.819999999999999
426,6/2/2017,11:51:38,TRD,SOLD -10 VERTICAL AMZN 100 (Weeklys) 2 JUN 17 1002.5/1005 CALL @1.56,"1,560.00",-22.509999999999998
427,6/2/2017,11:52:39,TRD,SOLD -5 AMZN 100 (Weeklys) 2 JUN 17 1002.5 CALL @3.10 BATS,"1,550.00",-10.86
428,6/2/2017,12:06:52,TRD,BOT +6 VERTICAL SPX 100 (Weeklys) 2 JUN 17 2435/2440 CALL @1.80 CBOE,"-1,080.00",-16.25
429,6/2/2017,12:40:46,TRD,SOLD -6 VERTICAL SPX 100 (Weeklys) 2 JUN 17 2435/2440 CALL @2.00 CBOE,"1,200.00",-16.25
430,6/2/2017,13:58:29,TRD,BOT +5 BUTTERFLY SPX 100 (Weeklys) 5 JUN 17 2440/2450/2460 CALL @2.00 CBOE,"-1,000.00",-22.43
431,6/2/2017,14:06:44,TRD,SOLD -10 VERTICAL SPX 100 (Weeklys) 9 JUN 17 2440/2435 PUT @2.15,"2,150.00",-22.43
432,6/2/2017,14:08:22,TRD,BOT +10 VERTICAL RUT 100 (Weeklys) 9 JUN 17 1405/1400 PUT @1.70 CBOE,"-1,700.00",-22.43
433,6/3/2017,6:42:30,RAD,REMOVAL OF OPTION DUE TO EXPIRATION 10.0 AMZN 100 (Weeklys) 2 JUN 17 992.5 PUT,,
434,6/3/2017,7:09:45,RAD,REMOVAL OF OPTION DUE TO EXPIRATION -10.0 AMZN 100 (Weeklys) 2 JUN 17 995 PUT,,
435,6/5/2017,9:37:02,TRD,BOT +10 SPY 100 (Weeklys) 7 JUN 17 244 PUT @.59 NASDAQ,-590,-14.69
436,6/5/2017,9:44:04,TRD,SOLD -5 SPY 100 (Weeklys) 7 JUN 17 244 PUT @.61,305,-10.83
437,6/5/2017,9:49:52,TRD,SOLD -5 SPY 100 (Weeklys) 7 JUN 17 244 PUT @.55 MIAX,275,-10.83
438,6/5/2017,9:57:06,TRD,BOT +10 VERTICAL SPX 100 (Weeklys) 9 JUN 17 2440/2435 PUT @2.35,"-2,350.00",-22.43
439,6/5/2017,9:58:26,TRD,SOLD -10 VERTICAL RUT 100 (Weeklys) 9 JUN 17 1405/1400 PUT @2.22 CBOE,"2,220.00",-22.43
440,6/5/2017,13:02:10,TRD,BOT +10 VERTICAL AMZN 100 (Weeklys) 9 JUN 17 1012.5/1015 CALL @1.13,"-1,130.00",-22.55
441,6/5/2017,13:32:07,TRD,SOLD -6 VERTICAL AMZN 100 (Weeklys) 9 JUN 17 1012.5/1015 CALL @1.11,666,-16.34
442,6/5/2017,13:32:07,TRD,SOLD -4 VERTICAL AMZN 100 (Weeklys) 9 JUN 17 1012.5/1015 CALL @1.11,444,-6.26
443,6/5/2017,15:55:53,TRD,SOLD -5 VERTICAL SPX 100 (Weeklys) 9 JUN 17 2440/2445 CALL @2.10 CBOE,"1,050.00",-14.69
444,6/5/2017,15:57:19,TRD,BOT +5 VERTICAL RUT 100 (Weeklys) 9 JUN 17 1405/1410 CALL @1.60 CBOE,-800,-14.69
445,6/6/2017,1:00:00,RAD,REMOVAL OF OPTION DUE TO EXPIRATION 10.0 SPX 100 (Weeklys) 5 JUN 17 2450 CALL,,
446,6/6/2017,1:00:00,RAD,REMOVAL OF OPTION DUE TO EXPIRATION -5.0 SPX 100 (Weeklys) 5 JUN 17 2440 CALL,,
447,6/6/2017,1:00:00,RAD,REMOVAL OF OPTION DUE TO EXPIRATION -5.0 SPX 100 (Weeklys) 5 JUN 17 2460 CALL,,
448,6/6/2017,10:22:11,TRD,SOLD -5 VERTICAL RUT 100 (Weeklys) 9 JUN 17 1405/1410 CALL @1.21,605,-14.69
449,6/6/2017,10:23:08,TRD,BOT +5 VERTICAL SPX 100 (Weeklys) 9 JUN 17 2440/2445 CALL @1.70 CBOE,-850,-14.69
450,6/6/2017,10:34:24,TRD,BOT +15 VERTICAL AMZN 100 16 JUN 17 995/1000 CALL @3.79 CBOE,"-5,685.00",-30.84
451,6/6/2017,10:34:55,TRD,SOLD -15 VERTICAL AMZN 100 16 JUN 17 1005/1010 CALL @3.07 CBOE,"4,605.00",-30.72
452,6/6/2017,10:39:11,TRD,SOLD -15 VERTICAL SPX 100 16 JUN 17 2460/2470 CALL @1.40 CBOE,"2,100.00",-30.169999999999998
453,6/6/2017,10:51:43,TRD,BOT +10 AAPL 100 (Weeklys) 9 JUN 17 155 PUT @1.20 PHLX,"-1,200.00",-14.69
454,6/6/2017,11:32:48,TRD,SOLD -10 AAPL 100 (Weeklys) 9 JUN 17 155 PUT @1.33 CBOE,"1,330.00",-14.719999999999999
455,6/6/2017,13:46:15,TRD,SOLD -10 VERTICAL SPX 100 (Weeklys) 7 JUN 17 2390/2395 CALL @4.95 CBOE,"4,950.00",-22.43
456,6/6/2017,13:59:33,TRD,BOT +10 VERTICAL SPY 100 21 JUL 17 243/236 PUT @1.72 ISE,"-1,720.00",-22.47
457,6/6/2017,13:59:33,TRD,BOT +20 VERTICAL SPY 100 21 JUL 17 243/236 PUT @1.72 ISE,"-3,440.00",-31.01
458,6/6/2017,15:05:29,TRD,SOLD -12 VERTICAL SPY 100 16 JUN 17 239/235 PUT @.24,288,-25.55
459,6/6/2017,15:05:29,TRD,SOLD -6 VERTICAL SPY 100 16 JUN 17 239/235 PUT @.24,144,-9.31
460,6/6/2017,15:05:29,TRD,SOLD -11 VERTICAL SPY 100 16 JUN 17 239/235 PUT @.24,264,-17.04
461,6/6/2017,15:05:29,TRD,SOLD -1 VERTICAL SPY 100 16 JUN 17 239/235 PUT @.24,24,-1.57
462,6/6/2017,15:07:19,TRD,SOLD -10 VERTICAL AZO 100 16 JUN 17 590/580 PUT @1.90 ISE,"1,900.00",-22.52
463,6/7/2017,13:20:23,TRD,tIPAD BOT +10 SPX 100 (Weeklys) 7 JUN 17 2425 CALL @3.40,"-3,400.00",-14.69
464,6/7/2017,13:23:29,TRD,tIPAD SOLD -1 SPX 100 (Weeklys) 7 JUN 17 2430 CALL @.75 CBOE,75,-7.73
465,6/7/2017,13:23:30,TRD,tIPAD SOLD -1 SPX 100 (Weeklys) 7 JUN 17 2430 CALL @.75 CBOE,75,-0.78
466,6/7/2017,13:23:31,TRD,tIPAD SOLD -8 SPX 100 (Weeklys) 7 JUN 17 2430 CALL @.75 CBOE,600,-6.19
467,6/8/2017,1:00:00,RAD,REMOVAL OF OPTION DUE TO EXPIRATION 40.0 SPY 100 (Weeklys) 7 JUN 17 241 PUT,,
468,6/8/2017,1:00:00,RAD,REMOVAL OF OPTION DUE TO EXPIRATION -40.0 SPY 100 (Weeklys) 7 JUN 17 242 PUT,,
469,6/8/2017,9:31:35,TRD,BOT +10 SPY 100 (Weeklys) 9 JUN 17 244 PUT @.70 C2,-700,-14.69
470,6/8/2017,9:32:45,TRD,SOLD -1 SPY 100 (Weeklys) 9 JUN 17 244 PUT @.78,78,-7.74
471,6/8/2017,9:33:33,TRD,SOLD -8 SPY 100 (Weeklys) 9 JUN 17 244 PUT @.77 MIAX,616,-13.16
472,6/8/2017,9:34:44,TRD,SOLD -1 SPY 100 (Weeklys) 9 JUN 17 244 PUT @.76 NASDAQ,76,-7.74
473,6/9/2017,9:31:07,TRD,BOT +10 SPY 100 (Weeklys) 9 JUN 17 244.5 PUT @.40 CBOE,-400,-14.69
474,6/9/2017,9:32:05,TRD,BOT +2 SPY 100 (Weeklys) 9 JUN 17 244.5 PUT @.39,-78,-1.55
475,6/9/2017,9:32:05,TRD,BOT +3 SPY 100 (Weeklys) 9 JUN 17 244.5 PUT @.39,-117,-9.28
476,6/9/2017,9:32:05,TRD,BOT +4 SPY 100 (Weeklys) 9 JUN 17 244.5 PUT @.39,-156,-3.1
477,6/9/2017,9:32:05,TRD,BOT +1 SPY 100 (Weeklys) 9 JUN 17 244.5 PUT @.39,-39,-0.78
478,6/9/2017,9:36:11,TRD,SOLD -20 SPY 100 (Weeklys) 9 JUN 17 244.5 PUT @.47 BOX,940,-22.45
479,6/9/2017,9:51:23,TRD,tIPAD SOLD -10 VERTICAL AZO 100 16 JUN 17 620/640 CALL @2.10 CBOE,"2,100.00",-22.49
480,6/9/2017,10:43:45,TRD,BOT +5 VERTICAL AZO 100 16 JUN 17 590/580 PUT @2.60 ISE,"-1,300.00",-14.729999999999999
481,6/9/2017,10:51:54,TRD,BOT +13 VERTICAL FB 100 (Weeklys) 7 JUL 17 157.5/160 CALL @.75 CBOE,-975,-27.11
482,6/9/2017,10:58:40,TRD,BOT +6 VERTICAL FB 100 (Weeklys) 7 JUL 17 150/148 PUT @.39,-234,-16.259999999999998
483,6/9/2017,11:03:16,TRD,BOT +3 VERTICAL GOOG 100 (Weeklys) 7 JUL 17 967.5/965 PUT @.80,-240,-11.67
484,6/9/2017,11:09:46,TRD,BOT +5 VERTICAL GOOG 100 21 JUL 17 990/995 CALL @2.23 CBOE,"-1,115.00",-14.87
485,6/9/2017,11:12:23,TRD,BOT +3 VERTICAL AMZN 100 21 JUL 17 1020/1030 CALL @3.95,"-1,185.00",-11.719999999999999
486,6/9/2017,11:13:04,TRD,BOT +1 VERTICAL AMZN 100 21 JUL 17 985/975 PUT @3.08 CBOE,-308,-8.54
487,6/9/2017,11:20:01,TRD,BOT +10 VERTICAL AAPL 100 (Weeklys) 7 JUL 17 155/157.5 CALL @1.04 CBOE,"-1,040.00",-22.47
488,6/9/2017,11:22:04,TRD,BOT +3 VERTICAL AAPL 100 (Weeklys) 7 JUL 17 152.5/150 PUT @.72,-216,-11.62
489,6/9/2017,11:27:11,TRD,BOT +11 VERTICAL NFLX 100 (Weeklys) 7 JUL 17 167.5/170 CALL @.85 CBOE,-935,-24.02
490,6/9/2017,11:33:00,TRD,BOT +2 VERTICAL NFLX 100 21 JUL 17 155/150 PUT @1.27,-254,-10.059999999999999
491,6/9/2017,12:57:04,TRD,BOT +1 GOOG 100 (Weeklys) 9 JUN 17 970 PUT @1.65 ISE GEMINI,-165,-0.78
492,6/9/2017,12:57:04,TRD,BOT +1 GOOG 100 (Weeklys) 9 JUN 17 970 PUT @1.65 ISE GEMINI,-165,-7.73
493,6/9/2017,12:57:05,TRD,BOT +1 GOOG 100 (Weeklys) 9 JUN 17 970 PUT @1.65 ISE GEMINI,-165,-0.78
494,6/9/2017,12:57:08,TRD,BOT +3 GOOG 100 (Weeklys) 9 JUN 17 970 PUT @1.65 ISE GEMINI,-495,-2.33
495,6/9/2017,12:57:09,TRD,BOT +4 GOOG 100 (Weeklys) 9 JUN 17 970 PUT @1.65 ISE GEMINI,-660,-3.1
496,6/9/2017,13:07:21,TRD,SOLD -4 GOOG 100 (Weeklys) 9 JUN 17 970 PUT @2.20 BATS,880,-3.12
497,6/9/2017,13:07:21,TRD,SOLD -2 GOOG 100 (Weeklys) 9 JUN 17 970 PUT @2.20 BATS,440,-8.51
498,6/9/2017,13:07:31,TRD,SOLD -1 GOOG 100 (Weeklys) 9 JUN 17 970 PUT @2.20 BATS,220,-0.79
499,6/9/2017,13:07:31,TRD,SOLD -3 GOOG 100 (Weeklys) 9 JUN 17 970 PUT @2.20 BATS,660,-2.35
500,6/9/2017,13:12:16,TRD,BOT +1 GOOG 100 (Weeklys) 9 JUN 17 970 CALL @.75 ISE GEMINI,-75,-7.73
501,6/9/2017,13:12:21,TRD,BOT +9 GOOG 100 (Weeklys) 9 JUN 17 970 CALL @.75 ISE GEMINI,-675,-6.97
502,6/9/2017,13:23:22,TRD,SOLD -10 GOOG 100 (Weeklys) 9 JUN 17 970 CALL @.95 NYSE,950,-14.719999999999999
503,6/9/2017,13:25:41,TRD,BOT +1 GOOG 100 (Weeklys) 9 JUN 17 962.5 PUT @1.60 NYSE,-160,-7.73
504,6/9/2017,13:25:43,TRD,BOT +1 GOOG 100 (Weeklys) 9 JUN 17 962.5 PUT @1.60 NYSE,-160,-0.78
505,6/9/2017,13:25:43,TRD,BOT +8 GOOG 100 (Weeklys) 9 JUN 17 962.5 PUT @1.60 NYSE,"-1,280.00",-6.19
506,6/9/2017,13:41:56,TRD,SOLD -10 GOOG 100 (Weeklys) 9 JUN 17 962.5 PUT @4.50,"4,500.00",-14.79
507,6/9/2017,14:06:15,TRD,BOT +10 GOOG 100 (Weeklys) 9 JUN 17 952.5 PUT @1.35 PHLX,"-1,350.00",-14.69
508,6/9/2017,14:12:29,TRD,SOLD -10 GOOG 100 (Weeklys) 9 JUN 17 952.5 PUT @1.15 BATS,"1,150.00",-14.719999999999999
509,6/9/2017,14:35:26,TRD,BOT +5 GOOG 100 (Weeklys) 9 JUN 17 960 CALL @.55 BATS,-275,-3.87
510,6/9/2017,14:35:26,TRD,BOT +2 GOOG 100 (Weeklys) 9 JUN 17 960 CALL @.55 BATS,-110,-1.55
511,6/9/2017,14:35:26,TRD,BOT +3 GOOG 100 (Weeklys) 9 JUN 17 960 CALL @.55 BATS,-165,-9.28
512,6/9/2017,14:44:35,TRD,SOLD -2 GOOG 100 (Weeklys) 9 JUN 17 960 CALL @.30 NYSE,60,-8.51
513,6/9/2017,14:44:35,TRD,SOLD -2 GOOG 100 (Weeklys) 9 JUN 17 960 CALL @.30 NYSE,60,-1.56
514,6/9/2017,14:46:49,TRD,SOLD -2 GOOG 100 (Weeklys) 9 JUN 17 960 CALL @.20,40,-8.51
515,6/9/2017,14:46:49,TRD,SOLD -2 GOOG 100 (Weeklys) 9 JUN 17 960 CALL @.20,40,-1.56
516,6/9/2017,14:46:49,TRD,SOLD -2 GOOG 100 (Weeklys) 9 JUN 17 960 CALL @.20,40,-1.56
517,6/12/2017,9:33:06,TRD,BOT +8 VERTICAL GOOG 100 16 JUN 17 935/937.5 CALL @1.15 ISE,-920,-19.47
518,6/12/2017,9:33:06,TRD,BOT +2 VERTICAL GOOG 100 16 JUN 17 935/937.5 CALL @1.15 ISE,-230,-3.14
519,6/12/2017,9:39:44,TRD,SOLD -10 VERTICAL GOOG 100 16 JUN 17 935/937.5 CALL @1.05 CBOE,"1,050.00",-22.66
520,6/12/2017,9:58:33,TRD,BOT +1 GOOG 100 16 JUN 17 925 PUT @15.60 NYSE,"-1,560.00",-7.73
521,6/12/2017,10:17:33,TRD,SOLD -1 GOOG 100 16 JUN 17 925 PUT @10.60 ISE GEMINI,"1,060.00",-7.76
522,6/12/2017,10:38:31,TRD,SOLD -9 VERTICAL AAPL 100 (Weeklys) 7 JUL 17 155/157.5 CALL @.25 CBOE,225,-20.91
523,6/12/2017,10:38:31,TRD,SOLD -1 VERTICAL AAPL 100 (Weeklys) 7 JUL 17 155/157.5 CALL @.23 CBOE,23,-1.57
524,6/12/2017,10:38:51,TRD,SOLD -3 VERTICAL AAPL 100 (Weeklys) 7 JUL 17 152.5/150 PUT @1.86 CBOE,558,-11.67
525,6/12/2017,10:39:28,TRD,SOLD -1 VERTICAL AMZN 100 21 JUL 17 985/975 PUT @6.02 CBOE,602,-8.62
526,6/12/2017,10:41:34,TRD,SOLD -3 VERTICAL AMZN 100 21 JUL 17 1020/1030 CALL @2.00 CBOE,600,-11.69
527,6/12/2017,10:41:52,TRD,SOLD -6 VERTICAL FB 100 (Weeklys) 7 JUL 17 150/148 PUT @1.10 CBOE,660,-16.33
528,6/12/2017,10:43:20,TRD,SOLD -13 VERTICAL FB 100 (Weeklys) 7 JUL 17 157.5/160 CALL @.30,390,-27.099999999999998
529,6/12/2017,10:45:13,TRD,SOLD -2 VERTICAL NFLX 100 21 JUL 17 155/150 PUT @2.53 CBOE,506,-10.1
530,6/12/2017,10:45:57,TRD,SOLD -11 VERTICAL NFLX 100 (Weeklys) 7 JUL 17 167.5/170 CALL @.25 CBOE,275,-24.0
531,6/12/2017,10:46:48,TRD,SOLD -3 VERTICAL GOOG 100 (Weeklys) 7 JUL 17 967.5/965 PUT @1.73 CBOE,519,-11.87
532,6/12/2017,10:49:29,TRD,SOLD -1 VERTICAL GOOG 100 21 JUL 17 990/995 CALL @1.10 CBOE,110,-8.53
533,6/12/2017,10:49:29,TRD,SOLD -4 VERTICAL GOOG 100 21 JUL 17 990/995 CALL @.90 CBOE,360,-6.27
534,6/12/2017,12:15:56,TRD,BOT +3 VERTICAL GOOG 100 16 JUN 17 942.5/950 CALL @3.54 ISE,"-1,062.00",-11.66
535,6/12/2017,12:25:11,TRD,SOLD -2 VERTICAL GOOG 100 16 JUN 17 942.5/950 CALL @3.01,602,-10.09
536,6/12/2017,12:25:11,TRD,SOLD -1 VERTICAL GOOG 100 16 JUN 17 942.5/950 CALL @3.01,301,-1.58
537,6/13/2017,9:31:15,TRD,BOT +10 SPY 100 (Weeklys) 14 JUN 17 244 PUT @.53 PHLX,-530,-7.74
538,6/13/2017,9:31:15,TRD,BOT +10 SPY 100 (Weeklys) 14 JUN 17 244 PUT @.53 PHLX,-530,-14.69
539,6/13/2017,9:38:44,TRD,SOLD -10 SPY 100 (Weeklys) 14 JUN 17 244 PUT @.55 CBOE,550,-14.709999999999999
540,6/13/2017,9:38:44,TRD,SOLD -10 SPY 100 (Weeklys) 14 JUN 17 244 PUT @.55 CBOE,550,-7.76
541,6/13/2017,9:45:21,TRD,BOT +1 AMZN 100 16 JUN 17 982.5 CALL @9.75 BATS,-975,-7.73
542,6/13/2017,9:47:02,TRD,BOT +1 AMZN 100 16 JUN 17 982.5 CALL @10.25 NASDAQ,"-1,025.00",-7.73
543,6/13/2017,9:56:44,TRD,SOLD -2 AMZN 100 16 JUN 17 982.5 CALL @8.00 ISE GEMINI,"1,600.00",-8.54
544,6/13/2017,10:00:08,TRD,BOT +10 VERTICAL AMZN 100 16 JUN 17 972.5/970 PUT @.84 ISE,-840,-22.57
545,6/13/2017,10:14:24,TRD,SOLD -10 VERTICAL AMZN 100 16 JUN 17 972.5/970 PUT @.90 CBOE,900,-22.599999999999998
546,6/13/2017,11:19:19,TRD,SOLD -15 VERTICAL SPX 100 (Weeklys) 23 JUN 17 2460/2470 CALL @1.30 CBOE,"1,950.00",-30.169999999999998
547,6/13/2017,11:21:55,TRD,BOT +1 AMZN 100 16 JUN 17 975 PUT @10.00 EDGX,"-1,000.00",-7.73
548,6/13/2017,11:31:34,TRD,SOLD -1 AMZN 100 16 JUN 17 975 PUT @10.00 BATS,"1,000.00",-7.76
549,6/14/2017,9:31:30,TRD,BOT +10 SPY 100 (Weeklys) 14 JUN 17 244 CALL @.87 CBOE,-870,-14.69
550,6/14/2017,9:34:15,TRD,BOT +5 AZO 100 16 JUN 17 610 CALL @5.10 ISE GEMINI,"-2,550.00",-10.819999999999999
551,6/14/2017,9:37:27,TRD,SOLD -2 SPY 100 (Weeklys) 14 JUN 17 244 CALL @.75 PHLX,150,-1.56
552,6/14/2017,9:37:27,TRD,SOLD -3 SPY 100 (Weeklys) 14 JUN 17 244 CALL @.75 PHLX,225,-9.29
553,6/14/2017,9:37:27,TRD,SOLD -1 SPY 100 (Weeklys) 14 JUN 17 244 CALL @.75 PHLX,75,-0.79
554,6/14/2017,9:37:27,TRD,SOLD -4 SPY 100 (Weeklys) 14 JUN 17 244 CALL @.75 PHLX,300,-3.11
555,6/14/2017,9:52:23,TRD,SOLD -5 AZO 100 16 JUN 17 610 CALL @2.90 ISE GEMINI,"1,450.00",-10.86
556,6/14/2017,10:04:21,TRD,BOT +1 GOOG 100 16 JUN 17 957.5 PUT @5.40 BATS,-540,-0.78
557,6/14/2017,10:04:21,TRD,BOT +1 GOOG 100 16 JUN 17 957.5 PUT @5.40 BATS,-540,-7.73
558,6/14/2017,10:48:00,TRD,SOLD -1 GOOG 100 16 JUN 17 957.5 PUT @5.40 NYSE,540,-7.75
559,6/14/2017,10:48:19,TRD,SOLD -1 GOOG 100 16 JUN 17 957.5 PUT @5.40 NYSE,540,-0.8
560,6/14/2017,11:50:49,TRD,BOT +10 VERT ROLL SPX 100 (Weeklys) 23 JUN 17/19 JUN 17 2440/2445/2440/2445 CALL @.45 CBOE,-450,-37.910000000000004
561,6/14/2017,12:13:05,TRD,BOT +10 VERTICAL SPX 100 (Weeklys) 19 JUN 17 2440/2445 CALL @2.10 CBOE,"-2,100.00",-22.43
562,6/14/2017,12:13:38,TRD,SOLD -10 VERTICAL SPX 100 (Weeklys) 16 JUN 17 2440/2445 CALL @1.90 CBOE,"1,900.00",-22.43
563,6/14/2017,14:19:36,TRD,BOT +1 AZO 100 16 JUN 17 610 PUT @4.02 MIAX,-402,-0.78
564,6/14/2017,14:19:36,TRD,BOT +1 AZO 100 16 JUN 17 610 PUT @4.02 MIAX,-402,-0.78
565,6/14/2017,14:19:36,TRD,BOT +1 AZO 100 16 JUN 17 610 PUT @4.06 MIAX,-406,-0.78
566,6/14/2017,14:19:36,TRD,BOT +2 AZO 100 16 JUN 17 610 PUT @4.02 MIAX,-804,-8.5
567,6/14/2017,15:34:09,TRD,SOLD -1 AZO 100 16 JUN 17 610 PUT @4.30 BATS,430,-7.74
568,6/14/2017,15:34:09,TRD,SOLD -4 AZO 100 16 JUN 17 610 PUT @4.30 BATS,"1,720.00",-3.14
569,6/15/2017,14:35:44,TRD,BOT +4 AZO 100 16 JUN 17 610 PUT @1.95 MIAX,-780,-10.049999999999999
570,6/15/2017,14:35:44,TRD,BOT +1 AZO 100 16 JUN 17 610 PUT @1.95 MIAX,-195,-0.78
571,6/16/2017,9:31:43,TRD,BOT +20 SPY 100 16 JUN 17 242.5 CALL @.38 MIAX,-760,-22.419999999999998
572,6/16/2017,9:36:42,TRD,BOT +1 SPY 100 16 JUN 17 242.5 CALL @.28 NASDAQ,-28,-7.73
573,6/16/2017,9:36:43,TRD,BOT +1 SPY 100 16 JUN 17 242.5 CALL @.28 NASDAQ,-28,-0.78
574,6/16/2017,9:36:43,TRD,BOT +18 SPY 100 16 JUN 17 242.5 CALL @.28 NASDAQ,-504,-13.93
575,6/16/2017,9:38:25,TRD,tIPAD SOLD -5 AZO 100 16 JUN 17 610 PUT @2.25 CBOE,"1,125.00",-10.85
576,6/16/2017,9:56:20,TRD,tIPAD SOLD -10 VERTICAL SPX 100 (Weeklys) 23 JUN 17 2440/2445 CALL @1.55 CBOE,"1,550.00",-22.43
577,6/16/2017,9:59:43,TRD,SOLD -7 SPY 100 16 JUN 17 242.5 CALL @.22 BATS,154,-12.379999999999999
578,6/16/2017,9:59:44,TRD,SOLD -1 SPY 100 16 JUN 17 242.5 CALL @.22 BATS,22,-0.79
579,6/16/2017,9:59:44,TRD,SOLD -12 SPY 100 16 JUN 17 242.5 CALL @.22 BATS,264,-9.3
580,6/16/2017,10:12:05,TRD,tIPAD SOLD -15 VERTICAL AZO 100 21 JUL 17 580/570 PUT @2.30 ISE,"3,450.00",-30.41
581,6/16/2017,10:24:23,TRD,tIPAD BOT +5 VERTICAL AZO 100 16 JUN 17 590/580 PUT @.10 CBOE,-50,-14.7
582,6/16/2017,10:52:37,TRD,SOLD -2 SPY 100 16 JUN 17 242.5 CALL @.10 NASDAQ OM,20,-8.51
583,6/16/2017,10:52:37,TRD,SOLD -18 SPY 100 16 JUN 17 242.5 CALL @.10 NASDAQ OM,180,-13.94
584,6/16/2017,10:59:59,TRD,tIPAD BOT +2 AZO 100 16 JUN 17 600 CALL @.75 BATS,-150,-8.5
585,6/16/2017,11:00:36,TRD,tIPAD BOT +3 AZO 100 16 JUN 17 600 CALL @.75 MIAX,-225,-9.28
586,6/16/2017,12:51:40,TRD,BOT +2 VERTICAL AMZN 100 16 JUN 17 997.5/1000 CALL @.41 CBOE,-82,-3.11
587,6/16/2017,12:51:40,TRD,BOT +8 VERTICAL AMZN 100 16 JUN 17 997.5/1000 CALL @.41 CBOE,-328,-19.349999999999998
588,6/16/2017,13:11:17,TRD,BOT +10 VERTICAL SPX 100 (Weeklys) 16 JUN 17 2440/2445 CALL @.10 CBOE,-100,-22.43
589,6/16/2017,14:38:12,TRD,SOLD -10 VERTICAL AMZN 100 16 JUN 17 997.5/1000 CALL @1.00 ISE,"1,000.00",-22.48
590,6/17/2017,8:18:36,RAD,REMOVAL OF OPTION DUE TO EXPIRATION 10.0 AZO 100 16 JUN 17 620 CALL,,
591,6/17/2017,9:38:44,RAD,REMOVAL OF OPTION DUE TO EXPIRATION -10.0 AZO 100 16 JUN 17 640 CALL,,
592,6/17/2017,9:38:53,RAD,REMOVAL OF OPTION DUE TO EXPIRATION -5.0 AZO 100 16 JUN 17 600 CALL,,
593,6/19/2017,9:41:21,TRD,BOT +10 VERT ROLL SPX 100 (Weeklys) 23 JUN 17/21 JUN 17 2445/2450/2445/2450 CALL @.25,-250,-37.910000000000004
594,6/19/2017,9:53:39,TRD,SOLD -10 VERTICAL SPX 100 (Weeklys) 28 JUN 17 2465/2475 CALL @1.30 CBOE,"1,300.00",-22.43
595,6/19/2017,9:56:52,TRD,BOT +10 1/3 BACKRATIO SPX 100 (Weeklys) 19 JUN 17 2445/2450 CALL @-.25 CBOE,250,-37.900000000000006
596,6/19/2017,10:02:34,TRD,BOT +10 SPX 100 (Weeklys) 19 JUN 17 2455 CALL @.25 CBOE,-250,-14.69
597,6/19/2017,10:11:15,TRD,BOT +5 VERTICAL SPX 100 (Weeklys) 28 JUN 17 2465/2475 CALL @1.90,-950,-14.69
598,6/19/2017,10:12:07,TRD,SOLD -10 SPX 100 (Weeklys) 19 JUN 17 2455 CALL @.55,550,-14.69
599,6/19/2017,10:14:23,TRD,BOT +1 SPX 100 (Weeklys) 19 JUN 17 2440 PUT @.30,-30,-7.73
600,6/19/2017,10:14:23,TRD,BOT +4 SPX 100 (Weeklys) 19 JUN 17 2440 PUT @.35,-140,-3.1
601,6/19/2017,10:48:22,TRD,SOLD -20 SPX 100 (Weeklys) 19 JUN 17 2450 CALL @1.75 CBOE,"3,500.00",-22.419999999999998
602,6/19/2017,10:48:49,TRD,BOT +5 SPX 100 (Weeklys) 19 JUN 17 2455 CALL @.60 CBOE,-300,-10.819999999999999
603,6/19/2017,10:48:49,TRD,BOT +15 SPX 100 (Weeklys) 19 JUN 17 2455 CALL @.60 CBOE,-900,-11.61
604,6/19/2017,11:42:00,TRD,BOT +5 VERTICAL SPX 100 (Weeklys) 19 JUN 17 2445/2450 CALL @3.20 CBOE,"-1,600.00",-14.69
605,6/19/2017,11:46:11,TRD,SOLD -10 VERT ROLL SPX 100 (Weeklys) 23 JUN 17/21 JUN 17 2445/2450/2445/2450 CALL @-.15 CBOE,-150,-37.910000000000004
